event_name,category,location,date,description
"Music Concert","Music","New York","2024-02-25","A live concert with local bands."
"Tech Meetup","Technology","San Francisco","2024-01-15","A meetup for tech enthusiasts and startups."
"Yoga Class","Fitness","Los Angeles","2024-01-10","Join us for a relaxing yoga session."
"Art Exhibition","Art","New York","2024-03-05","Explore contemporary art by local artists."
"Cooking Workshop","Cooking","San Francisco","2024-01-20","Learn to cook Italian cuisine with experts."
